{"lr": 0.00010000000474974513, "best_mean_auroc": 0.8181788969051332}