{"lr": 9.99999993922529e-09, "best_mean_auroc": 0.7799997506466056}